<?xml version="1.0"?>
<pagescount>
	<html_total>21</html_total>
	<html_done>21</html_done>
	<images>110</images>
	<script>19</script>
	<css>14</css>
	<pdf/>
	<documents/>
	<excel/>
	<powerpoint/>
	<flash/>
	<audios/>
	<videos/>
	<xml/>
	<json/>
	<txt/>
	<autocad/>
	<model_3d/>
	<fonts>20</fonts>
	<scraping_reload>1</scraping_reload>
	<is_pretty_url>true</is_pretty_url>
	<has_trailing_slash>true</has_trailing_slash>
	<is_ebn>false</is_ebn>
	<email>dandisunomo889@gmail.com</email>
	<theme_name>WmdTheme386969</theme_name>
	<server_url_front_page>https://www.waybackmachinedownloader.com/scraping/files/demo/prosthodontistemontreal.com_dandisunomo889_gmail.com_60d6cxi0ln/</server_url_front_page>
	<no_www_url>prosthodontistemontreal.com</no_www_url>
	<hosted_domain/>
	<original_archive_url>https://web.archive.org/web/20190615144135/http://prosthodontistemontreal.com/dr-genevieve-guertin</original_archive_url>
	<final_archive_url>https://web.archive.org/web/20190615144135/http://prosthodontistemontreal.com/dr-genevieve-guertin</final_archive_url>
	<front_page_code_date>20190615144135</front_page_code_date>
	<total_urls_from_api/>
	<max_reached_live>false</max_reached_live>
	<scrape_other_captures>false</scrape_other_captures>
	<total_size>4824</total_size>
</pagescount>
